-- Lovable Lab Tools - Sample Data Insert Scripts

-- Sample Users
-- Note: In a real Supabase project, users would be created via the Auth API
-- These are just the corresponding entries we would expect in the profiles table

-- Sample Profiles
INSERT INTO profiles (id, username, avatar_url, created_at, updated_at)
VALUES
    ('00000000-0000-0000-0000-000000000001', 'johndoe', 'https://i.pravatar.cc/150?u=johndoe', '2025-01-01T00:00:00Z', '2025-01-01T00:00:00Z'),
    ('00000000-0000-0000-0000-000000000002', 'janedoe', 'https://i.pravatar.cc/150?u=janedoe', '2025-01-02T00:00:00Z', '2025-01-02T00:00:00Z'),
    ('00000000-0000-0000-0000-000000000003', 'bobsmith', 'https://i.pravatar.cc/150?u=bobsmith', '2025-01-03T00:00:00Z', '2025-01-03T00:00:00Z'),
    ('00000000-0000-0000-0000-000000000004', 'alicejones', 'https://i.pravatar.cc/150?u=alicejones', '2025-01-04T00:00:00Z', '2025-01-04T00:00:00Z'),
    ('00000000-0000-0000-0000-000000000005', 'sarahwilson', 'https://i.pravatar.cc/150?u=sarahwilson', '2025-01-05T00:00:00Z', '2025-01-05T00:00:00Z')
ON CONFLICT (id) DO NOTHING;

-- Sample Tools
INSERT INTO tools (id, name, type, description, icon, created_at, updated_at)
VALUES
    ('10000000-0000-0000-0000-000000000001', 'Text Generator', 'generator', 'Generate lorem ipsum text', 'text', '2025-01-01T00:00:00Z', '2025-01-01T00:00:00Z'),
    ('10000000-0000-0000-0000-000000000002', 'Color Palette', 'generator', 'Generate color palettes', 'palette', '2025-01-01T00:00:00Z', '2025-01-01T00:00:00Z'),
    ('10000000-0000-0000-0000-000000000003', 'Name Generator', 'generator', 'Generate random names', 'user', '2025-01-01T00:00:00Z', '2025-01-01T00:00:00Z'),
    ('10000000-0000-0000-0000-000000000004', 'Password Generator', 'generator', 'Generate secure passwords', 'lock', '2025-01-01T00:00:00Z', '2025-01-01T00:00:00Z'),
    ('10000000-0000-0000-0000-000000000005', 'UUID Generator', 'generator', 'Generate UUIDs', 'key', '2025-01-01T00:00:00Z', '2025-01-01T00:00:00Z'),
    
    ('20000000-0000-0000-0000-000000000001', 'Pomodoro Timer', 'time', 'Pomodoro technique timer', 'clock', '2025-01-01T00:00:00Z', '2025-01-01T00:00:00Z'),
    ('20000000-0000-0000-0000-000000000002', 'Countdown Timer', 'time', 'Simple countdown timer', 'timer', '2025-01-01T00:00:00Z', '2025-01-01T00:00:00Z'),
    ('20000000-0000-0000-0000-000000000003', 'Time Zone Converter', 'time', 'Convert between time zones', 'globe', '2025-01-01T00:00:00Z', '2025-01-01T00:00:00Z'),
    ('20000000-0000-0000-0000-000000000004', 'Meeting Timer', 'time', 'Track time during meetings', 'users', '2025-01-01T00:00:00Z', '2025-01-01T00:00:00Z'),
    ('20000000-0000-0000-0000-000000000005', 'Stopwatch', 'time', 'Simple stopwatch', 'watch', '2025-01-01T00:00:00Z', '2025-01-01T00:00:00Z'),

    ('30000000-0000-0000-0000-000000000001', 'Markdown Editor', 'notes', 'Simple markdown editor', 'edit', '2025-01-01T00:00:00Z', '2025-01-01T00:00:00Z'),
    ('30000000-0000-0000-0000-000000000002', 'Kanban Board', 'notes', 'Simple kanban board', 'layout', '2025-01-01T00:00:00Z', '2025-01-01T00:00:00Z'),
    ('30000000-0000-0000-0000-000000000003', 'Code Snippets', 'notes', 'Store code snippets', 'code', '2025-01-01T00:00:00Z', '2025-01-01T00:00:00Z'),
    ('30000000-0000-0000-0000-000000000004', 'Meeting Notes', 'notes', 'Take meeting notes', 'file-text', '2025-01-01T00:00:00Z', '2025-01-01T00:00:00Z'),
    ('30000000-0000-0000-0000-000000000005', 'Task List', 'notes', 'Simple task list', 'check-square', '2025-01-01T00:00:00Z', '2025-01-01T00:00:00Z'),

    ('40000000-0000-0000-0000-000000000001', 'Calculator', 'utility', 'Simple calculator', 'calculator', '2025-01-01T00:00:00Z', '2025-01-01T00:00:00Z'),
    ('40000000-0000-0000-0000-000000000002', 'JSON Formatter', 'utility', 'Format and validate JSON', 'code', '2025-01-01T00:00:00Z', '2025-01-01T00:00:00Z'),
    ('40000000-0000-0000-0000-000000000003', 'URL Encoder/Decoder', 'utility', 'Encode and decode URLs', 'link', '2025-01-01T00:00:00Z', '2025-01-01T00:00:00Z'),
    ('40000000-0000-0000-0000-000000000004', 'Base64 Converter', 'utility', 'Convert to and from Base64', 'shuffle', '2025-01-01T00:00:00Z', '2025-01-01T00:00:00Z'),
    ('40000000-0000-0000-0000-000000000005', 'CSV to JSON', 'utility', 'Convert CSV to JSON', 'file', '2025-01-01T00:00:00Z', '2025-01-01T00:00:00Z')
ON CONFLICT (id) DO NOTHING;

-- Sample Projects
INSERT INTO projects (id, name, description, url, user_id, tools, created_at, updated_at)
VALUES
    ('50000000-0000-0000-0000-000000000001', 'Personal Blog', 'My personal blog project', 'https://myblog.example.com', '00000000-0000-0000-0000-000000000001', ARRAY['10000000-0000-0000-0000-000000000001', '30000000-0000-0000-0000-000000000001'], '2025-01-10T00:00:00Z', '2025-01-10T00:00:00Z'),
    
    ('50000000-0000-0000-0000-000000000002', 'Task Management App', 'Project management tool', 'https://tasks.example.com', '00000000-0000-0000-0000-000000000001', ARRAY['20000000-0000-0000-0000-000000000001', '30000000-0000-0000-0000-000000000002', '30000000-0000-0000-0000-000000000005'], '2025-01-11T00:00:00Z', '2025-01-11T00:00:00Z'),
    
    ('50000000-0000-0000-0000-000000000003', 'E-commerce Site', 'Online store for handmade crafts', 'https://crafts.example.com', '00000000-0000-0000-0000-000000000002', ARRAY['10000000-0000-0000-0000-000000000002', '40000000-0000-0000-0000-000000000001'], '2025-01-12T00:00:00Z', '2025-01-12T00:00:00Z'),
    
    ('50000000-0000-0000-0000-000000000004', 'Code Editor', 'Online code editor with syntax highlighting', 'https://codeeditor.example.com', '00000000-0000-0000-0000-000000000003', ARRAY['30000000-0000-0000-0000-000000000003', '40000000-0000-0000-0000-000000000002', '40000000-0000-0000-0000-000000000004'], '2025-01-13T00:00:00Z', '2025-01-13T00:00:00Z'),
    
    ('50000000-0000-0000-0000-000000000005', 'Recipe App', 'App for storing and sharing recipes', 'https://recipes.example.com', '00000000-0000-0000-0000-000000000004', ARRAY['20000000-0000-0000-0000-000000000002', '30000000-0000-0000-0000-000000000004'], '2025-01-14T00:00:00Z', '2025-01-14T00:00:00Z'),
    
    ('50000000-0000-0000-0000-000000000006', 'Travel Planner', 'App for planning trips and itineraries', 'https://travel.example.com', '00000000-0000-0000-0000-000000000005', ARRAY['20000000-0000-0000-0000-000000000003', '30000000-0000-0000-0000-000000000005'], '2025-01-15T00:00:00Z', '2025-01-15T00:00:00Z'),
    
    ('50000000-0000-0000-0000-000000000007', 'Portfolio Website', 'Professional portfolio site', 'https://portfolio.example.com', '00000000-0000-0000-0000-000000000001', ARRAY['10000000-0000-0000-0000-000000000002'], '2025-01-16T00:00:00Z', '2025-01-16T00:00:00Z'),
    
    ('50000000-0000-0000-0000-000000000008', 'Budget Tracker', 'Personal finance management tool', 'https://budget.example.com', '00000000-0000-0000-0000-000000000002', ARRAY['40000000-0000-0000-0000-000000000001', '40000000-0000-0000-0000-000000000005'], '2025-01-17T00:00:00Z', '2025-01-17T00:00:00Z')
ON CONFLICT (id) DO NOTHING;

-- Sample Project Access (Sharing)
INSERT INTO project_access (id, project_id, user_id, access_level, created_at, updated_at)
VALUES
    ('60000000-0000-0000-0000-000000000001', '50000000-0000-0000-0000-000000000001', '00000000-0000-0000-0000-000000000002', 'view', '2025-01-20T00:00:00Z', '2025-01-20T00:00:00Z'),
    ('60000000-0000-0000-0000-000000000002', '50000000-0000-0000-0000-000000000001', '00000000-0000-0000-0000-000000000003', 'edit', '2025-01-20T00:00:00Z', '2025-01-20T00:00:00Z'),
    ('60000000-0000-0000-0000-000000000003', '50000000-0000-0000-0000-000000000002', '00000000-0000-0000-0000-000000000004', 'view', '2025-01-21T00:00:00Z', '2025-01-21T00:00:00Z'),
    ('60000000-0000-0000-0000-000000000004', '50000000-0000-0000-0000-000000000003', '00000000-0000-0000-0000-000000000001', 'edit', '2025-01-22T00:00:00Z', '2025-01-22T00:00:00Z'),
    ('60000000-0000-0000-0000-000000000005', '50000000-0000-0000-0000-000000000004', '00000000-0000-0000-0000-000000000005', 'view', '2025-01-23T00:00:00Z', '2025-01-23T00:00:00Z'),
    ('60000000-0000-0000-0000-000000000006', '50000000-0000-0000-0000-000000000005', '00000000-0000-0000-0000-000000000003', 'edit', '2025-01-24T00:00:00Z', '2025-01-24T00:00:00Z'),
    ('60000000-0000-0000-0000-000000000007', '50000000-0000-0000-0000-000000000006', '00000000-0000-0000-0000-000000000004', 'view', '2025-01-25T00:00:00Z', '2025-01-25T00:00:00Z')
ON CONFLICT (id) DO NOTHING;

-- Sample Teams
INSERT INTO teams (id, name, description, creator_id, created_at, updated_at)
VALUES
    ('70000000-0000-0000-0000-000000000001', 'Design Team', 'UI/UX design team', '00000000-0000-0000-0000-000000000001', '2025-02-01T00:00:00Z', '2025-02-01T00:00:00Z'),
    ('70000000-0000-0000-0000-000000000002', 'Development Team', 'Software development team', '00000000-0000-0000-0000-000000000002', '2025-02-02T00:00:00Z', '2025-02-02T00:00:00Z'),
    ('70000000-0000-0000-0000-000000000003', 'Marketing Team', 'Digital marketing team', '00000000-0000-0000-0000-000000000003', '2025-02-03T00:00:00Z', '2025-02-03T00:00:00Z')
ON CONFLICT (id) DO NOTHING;

-- Sample Team Members
INSERT INTO team_members (id, team_id, user_id, role, created_at, updated_at)
VALUES
    ('80000000-0000-0000-0000-000000000001', '70000000-0000-0000-0000-000000000001', '00000000-0000-0000-0000-000000000001', 'admin', '2025-02-01T00:00:00Z', '2025-02-01T00:00:00Z'),
    ('80000000-0000-0000-0000-000000000002', '70000000-0000-0000-0000-000000000001', '00000000-0000-0000-0000-000000000004', 'member', '2025-02-01T00:00:00Z', '2025-02-01T00:00:00Z'),
    ('80000000-0000-0000-0000-000000000003', '70000000-0000-0000-0000-000000000001', '00000000-0000-0000-0000-000000000005', 'member', '2025-02-01T00:00:00Z', '2025-02-01T00:00:00Z'),
    
    ('80000000-0000-0000-0000-000000000004', '70000000-0000-0000-0000-000000000002', '00000000-0000-0000-0000-000000000002', 'admin', '2025-02-02T00:00:00Z', '2025-02-02T00:00:00Z'),
    ('80000000-0000-0000-0000-000000000005', '70000000-0000-0000-0000-000000000002', '00000000-0000-0000-0000-000000000001', 'member', '2025-02-02T00:00:00Z', '2025-02-02T00:00:00Z'),
    ('80000000-0000-0000-0000-000000000006', '70000000-0000-0000-0000-000000000002', '00000000-0000-0000-0000-000000000003', 'member', '2025-02-02T00:00:00Z', '2025-02-02T00:00:00Z'),
    
    ('80000000-0000-0000-0000-000000000007', '70000000-0000-0000-0000-000000000003', '00000000-0000-0000-0000-000000000003', 'admin', '2025-02-03T00:00:00Z', '2025-02-03T00:00:00Z'),
    ('80000000-0000-0000-0000-000000000008', '70000000-0000-0000-0000-000000000003', '00000000-0000-0000-0000-000000000004', 'member', '2025-02-03T00:00:00Z', '2025-02-03T00:00:00Z'),
    ('80000000-0000-0000-0000-000000000009', '70000000-0000-0000-0000-000000000003', '00000000-0000-0000-0000-000000000005', 'member', '2025-02-03T00:00:00Z', '2025-02-03T00:00:00Z')
ON CONFLICT (id) DO NOTHING; 